[{"Bpm":104,"Rpm":0,"Speed":0.0,"Distance":0.0,"Resistance":50,"Energy":0,"Time":"00:00:00"},{"Bpm":106,"Rpm":0,"Speed":0.0,"Distance":0.0,"Resistance":50,"Energy":0,"Time":"00:00:00"},{"Bpm":100,"Rpm":0,"Speed":0.0,"Distance":0.0,"Resistance":50,"Energy":0,"Time":"00:00:00"},{"Bpm":105,"Rpm":0,"Speed":0.0,"Distance":0.0,"Resistance":50,"Energy":0,"Time":"00:00:00"},{"Bpm":102,"Rpm":0,"Speed":0.0,"Distance":0.0,"Resistance":50,"Energy":0,"Time":"00:00:00"},{"Bpm":101,"Rpm":0,"Speed":0.0,"Distance":0.0,"Resistance":50,"Energy":0,"Time":"00:00:00"},{"Bpm":105,"Rpm":0,"Speed":0.0,"Distance":0.0,"Resistance":50,"Energy":0,"Time":"00:00:00"},{"Bpm":106,"Rpm":0,"Speed":0.0,"Distance":0.0,"Resistance":50,"Energy":0,"Time":"00:00:00"},{"Bpm":100,"Rpm":0,"Speed":0.0,"Distance":0.0,"Resistance":50,"Energy":0,"Time":"00:00:00"},{"Bpm":102,"Rpm":0,"Speed":0.0,"Distance":0.0,"Resistance":50,"Energy":0,"Time":"00:00:00"},{"Bpm":101,"Rpm":0,"Speed":0.0,"Distance":0.0,"Resistance":50,"Energy":0,"Time":"00:00:00"},{"Bpm":107,"Rpm":0,"Speed":0.0,"Distance":0.0,"Resistance":50,"Energy":0,"Time":"00:00:00"},{"Bpm":105,"Rpm":0,"Speed":0.0,"Distance":0.0,"Resistance":50,"Energy":0,"Time":"00:00:00"},{"Bpm":109,"Rpm":0,"Speed":0.0,"Distance":0.0,"Resistance":50,"Energy":0,"Time":"00:00:00"},{"Bpm":103,"Rpm":0,"Speed":0.0,"Distance":0.0,"Resistance":50,"Energy":0,"Time":"00:00:00"},{"Bpm":102,"Rpm":0,"Speed":0.0,"Distance":0.0,"Resistance":50,"Energy":0,"Time":"00:00:00"},{"Bpm":101,"Rpm":0,"Speed":0.0,"Distance":0.0,"Resistance":50,"Energy":0,"Time":"00:00:00"},{"Bpm":106,"Rpm":0,"Speed":0.0,"Distance":0.0,"Resistance":50,"Energy":0,"Time":"00:00:00"},{"Bpm":109,"Rpm":0,"Speed":0.0,"Distance":0.0,"Resistance":50,"Energy":0,"Time":"00:00:00"},{"Bpm":105,"Rpm":0,"Speed":0.0,"Distance":0.0,"Resistance":50,"Energy":0,"Time":"00:00:00"},{"Bpm":100,"Rpm":0,"Speed":0.0,"Distance":0.0,"Resistance":50,"Energy":0,"Time":"00:00:00"},{"Bpm":107,"Rpm":0,"Speed":0.0,"Distance":0.0,"Resistance":50,"Energy":0,"Time":"00:00:00"},{"Bpm":106,"Rpm":0,"Speed":0.0,"Distance":0.0,"Resistance":50,"Energy":0,"Time":"00:00:00"},{"Bpm":106,"Rpm":0,"Speed":0.0,"Distance":0.0,"Resistance":50,"Energy":0,"Time":"00:00:00"},{"Bpm":106,"Rpm":0,"Speed":0.0,"Distance":0.0,"Resistance":50,"Energy":0,"Time":"00:00:00"},{"Bpm":109,"Rpm":0,"Speed":0.0,"Distance":0.0,"Resistance":50,"Energy":0,"Time":"00:00:00"},{"Bpm":108,"Rpm":0,"Speed":0.0,"Distance":0.0,"Resistance":50,"Energy":0,"Time":"00:00:00"},{"Bpm":102,"Rpm":0,"Speed":0.0,"Distance":0.0,"Resistance":50,"Energy":0,"Time":"00:00:00"},{"Bpm":102,"Rpm":0,"Speed":0.0,"Distance":0.0,"Resistance":50,"Energy":0,"Time":"00:00:00"},{"Bpm":103,"Rpm":0,"Speed":0.0,"Distance":0.0,"Resistance":50,"Energy":0,"Time":"00:00:00"},{"Bpm":102,"Rpm":0,"Speed":0.0,"Distance":0.0,"Resistance":50,"Energy":0,"Time":"00:00:00"},{"Bpm":105,"Rpm":0,"Speed":0.0,"Distance":0.0,"Resistance":50,"Energy":0,"Time":"00:00:00"},{"Bpm":103,"Rpm":0,"Speed":0.0,"Distance":0.0,"Resistance":50,"Energy":0,"Time":"00:00:00"},{"Bpm":100,"Rpm":0,"Speed":0.0,"Distance":0.0,"Resistance":50,"Energy":0,"Time":"00:00:00"},{"Bpm":102,"Rpm":0,"Speed":0.0,"Distance":0.0,"Resistance":50,"Energy":0,"Time":"00:00:00"},{"Bpm":100,"Rpm":0,"Speed":0.0,"Distance":0.0,"Resistance":50,"Energy":0,"Time":"00:00:00"},{"Bpm":100,"Rpm":0,"Speed":0.0,"Distance":0.0,"Resistance":50,"Energy":0,"Time":"00:00:00"},{"Bpm":105,"Rpm":0,"Speed":0.0,"Distance":0.0,"Resistance":50,"Energy":0,"Time":"00:00:00"},{"Bpm":102,"Rpm":0,"Speed":0.0,"Distance":0.0,"Resistance":50,"Energy":0,"Time":"00:00:00"},{"Bpm":102,"Rpm":0,"Speed":0.0,"Distance":0.0,"Resistance":50,"Energy":0,"Time":"00:00:00"},{"Bpm":101,"Rpm":0,"Speed":0.0,"Distance":0.0,"Resistance":50,"Energy":0,"Time":"00:00:00"},{"Bpm":106,"Rpm":0,"Speed":0.0,"Distance":0.0,"Resistance":50,"Energy":0,"Time":"00:00:00"},{"Bpm":109,"Rpm":0,"Speed":0.0,"Distance":0.0,"Resistance":50,"Energy":0,"Time":"00:00:00"},{"Bpm":100,"Rpm":0,"Speed":0.0,"Distance":0.0,"Resistance":50,"Energy":0,"Time":"00:00:00"},{"Bpm":102,"Rpm":0,"Speed":0.0,"Distance":0.0,"Resistance":50,"Energy":0,"Time":"00:00:00"},{"Bpm":102,"Rpm":0,"Speed":0.0,"Distance":0.0,"Resistance":50,"Energy":0,"Time":"00:00:00"},{"Bpm":108,"Rpm":0,"Speed":0.0,"Distance":0.0,"Resistance":50,"Energy":0,"Time":"00:00:00"},{"Bpm":103,"Rpm":0,"Speed":0.0,"Distance":0.0,"Resistance":50,"Energy":0,"Time":"00:00:00"},{"Bpm":100,"Rpm":0,"Speed":0.0,"Distance":0.0,"Resistance":50,"Energy":0,"Time":"00:00:00"},{"Bpm":103,"Rpm":0,"Speed":0.0,"Distance":0.0,"Resistance":50,"Energy":0,"Time":"00:00:00"},{"Bpm":105,"Rpm":0,"Speed":0.0,"Distance":0.0,"Resistance":50,"Energy":0,"Time":"00:00:00"},{"Bpm":107,"Rpm":0,"Speed":0.0,"Distance":0.0,"Resistance":50,"Energy":0,"Time":"00:00:00"},{"Bpm":102,"Rpm":0,"Speed":0.0,"Distance":0.0,"Resistance":50,"Energy":0,"Time":"00:00:00"},{"Bpm":103,"Rpm":0,"Speed":0.0,"Distance":0.0,"Resistance":50,"Energy":0,"Time":"00:00:00"},{"Bpm":106,"Rpm":0,"Speed":0.0,"Distance":0.0,"Resistance":50,"Energy":0,"Time":"00:00:00"},{"Bpm":106,"Rpm":0,"Speed":0.0,"Distance":0.0,"Resistance":50,"Energy":0,"Time":"00:00:00"},{"Bpm":100,"Rpm":0,"Speed":0.0,"Distance":0.0,"Resistance":50,"Energy":0,"Time":"00:00:00"},{"Bpm":103,"Rpm":0,"Speed":0.0,"Distance":0.0,"Resistance":50,"Energy":0,"Time":"00:00:00"},{"Bpm":109,"Rpm":0,"Speed":0.0,"Distance":0.0,"Resistance":50,"Energy":0,"Time":"00:00:00"},{"Bpm":102,"Rpm":0,"Speed":0.0,"Distance":0.0,"Resistance":50,"Energy":0,"Time":"00:00:00"},{"Bpm":103,"Rpm":0,"Speed":0.0,"Distance":0.0,"Resistance":50,"Energy":0,"Time":"00:00:00"},{"Bpm":102,"Rpm":0,"Speed":0.0,"Distance":0.0,"Resistance":50,"Energy":0,"Time":"00:00:00"},{"Bpm":104,"Rpm":0,"Speed":0.0,"Distance":0.0,"Resistance":50,"Energy":0,"Time":"00:00:00"},{"Bpm":107,"Rpm":0,"Speed":0.0,"Distance":0.0,"Resistance":50,"Energy":0,"Time":"00:00:00"},{"Bpm":100,"Rpm":0,"Speed":0.0,"Distance":0.0,"Resistance":50,"Energy":0,"Time":"00:00:00"},{"Bpm":105,"Rpm":0,"Speed":0.0,"Distance":0.0,"Resistance":50,"Energy":0,"Time":"00:00:00"},{"Bpm":103,"Rpm":0,"Speed":0.0,"Distance":0.0,"Resistance":50,"Energy":0,"Time":"00:00:00"},{"Bpm":104,"Rpm":0,"Speed":0.0,"Distance":0.0,"Resistance":50,"Energy":0,"Time":"00:00:00"},{"Bpm":106,"Rpm":0,"Speed":0.0,"Distance":0.0,"Resistance":50,"Energy":0,"Time":"00:00:00"},{"Bpm":103,"Rpm":0,"Speed":0.0,"Distance":0.0,"Resistance":50,"Energy":0,"Time":"00:00:00"},{"Bpm":101,"Rpm":0,"Speed":0.0,"Distance":0.0,"Resistance":50,"Energy":0,"Time":"00:00:00"},{"Bpm":106,"Rpm":0,"Speed":0.0,"Distance":0.0,"Resistance":50,"Energy":0,"Time":"00:00:00"},{"Bpm":103,"Rpm":0,"Speed":0.0,"Distance":0.0,"Resistance":50,"Energy":0,"Time":"00:00:00"},{"Bpm":107,"Rpm":0,"Speed":0.0,"Distance":0.0,"Resistance":50,"Energy":0,"Time":"00:00:00"},{"Bpm":103,"Rpm":0,"Speed":0.0,"Distance":0.0,"Resistance":50,"Energy":0,"Time":"00:00:00"},{"Bpm":104,"Rpm":0,"Speed":0.0,"Distance":0.0,"Resistance":50,"Energy":0,"Time":"00:00:00"},{"Bpm":108,"Rpm":0,"Speed":0.0,"Distance":0.0,"Resistance":50,"Energy":0,"Time":"00:00:00"},{"Bpm":105,"Rpm":0,"Speed":0.0,"Distance":0.0,"Resistance":50,"Energy":0,"Time":"00:00:00"},{"Bpm":104,"Rpm":0,"Speed":0.0,"Distance":0.0,"Resistance":50,"Energy":0,"Time":"00:00:00"},{"Bpm":104,"Rpm":0,"Speed":0.0,"Distance":0.0,"Resistance":50,"Energy":0,"Time":"00:00:00"},{"Bpm":101,"Rpm":0,"Speed":0.0,"Distance":0.0,"Resistance":50,"Energy":0,"Time":"00:00:00"},{"Bpm":104,"Rpm":0,"Speed":0.0,"Distance":0.0,"Resistance":50,"Energy":0,"Time":"00:00:00"},{"Bpm":102,"Rpm":0,"Speed":0.0,"Distance":0.0,"Resistance":50,"Energy":0,"Time":"00:00:00"},{"Bpm":108,"Rpm":0,"Speed":0.0,"Distance":0.0,"Resistance":50,"Energy":0,"Time":"00:00:00"},{"Bpm":107,"Rpm":0,"Speed":0.0,"Distance":0.0,"Resistance":50,"Energy":0,"Time":"00:00:00"},{"Bpm":105,"Rpm":0,"Speed":0.0,"Distance":0.0,"Resistance":50,"Energy":0,"Time":"00:00:00"},{"Bpm":103,"Rpm":0,"Speed":0.0,"Distance":0.0,"Resistance":50,"Energy":0,"Time":"00:00:00"},{"Bpm":100,"Rpm":0,"Speed":0.0,"Distance":0.0,"Resistance":50,"Energy":0,"Time":"00:00:00"},{"Bpm":104,"Rpm":0,"Speed":0.0,"Distance":0.0,"Resistance":50,"Energy":0,"Time":"00:00:00"},{"Bpm":105,"Rpm":0,"Speed":0.0,"Distance":0.0,"Resistance":50,"Energy":0,"Time":"00:00:00"},{"Bpm":100,"Rpm":0,"Speed":0.0,"Distance":0.0,"Resistance":50,"Energy":0,"Time":"00:00:00"},{"Bpm":106,"Rpm":0,"Speed":0.0,"Distance":0.0,"Resistance":50,"Energy":0,"Time":"00:00:00"},{"Bpm":105,"Rpm":0,"Speed":0.0,"Distance":0.0,"Resistance":50,"Energy":0,"Time":"00:00:00"},{"Bpm":109,"Rpm":0,"Speed":0.0,"Distance":0.0,"Resistance":50,"Energy":0,"Time":"00:00:00"},{"Bpm":108,"Rpm":0,"Speed":0.0,"Distance":0.0,"Resistance":50,"Energy":0,"Time":"00:00:00"},{"Bpm":108,"Rpm":0,"Speed":0.0,"Distance":0.0,"Resistance":50,"Energy":0,"Time":"00:00:00"},{"Bpm":102,"Rpm":0,"Speed":0.0,"Distance":0.0,"Resistance":50,"Energy":0,"Time":"00:00:00"},{"Bpm":101,"Rpm":0,"Speed":0.0,"Distance":0.0,"Resistance":50,"Energy":0,"Time":"00:00:00"},{"Bpm":100,"Rpm":0,"Speed":0.0,"Distance":0.0,"Resistance":50,"Energy":0,"Time":"00:00:00"},{"Bpm":106,"Rpm":0,"Speed":0.0,"Distance":0.0,"Resistance":50,"Energy":0,"Time":"00:00:00"},{"Bpm":108,"Rpm":0,"Speed":0.0,"Distance":0.0,"Resistance":50,"Energy":0,"Time":"00:00:00"},{"Bpm":103,"Rpm":0,"Speed":0.0,"Distance":0.0,"Resistance":50,"Energy":0,"Time":"00:00:00"},{"Bpm":106,"Rpm":0,"Speed":0.0,"Distance":0.0,"Resistance":50,"Energy":0,"Time":"00:00:00"},{"Bpm":107,"Rpm":0,"Speed":0.0,"Distance":0.0,"Resistance":50,"Energy":0,"Time":"00:00:00"},{"Bpm":102,"Rpm":0,"Speed":0.0,"Distance":0.0,"Resistance":50,"Energy":0,"Time":"00:00:00"},{"Bpm":109,"Rpm":0,"Speed":0.0,"Distance":0.0,"Resistance":50,"Energy":0,"Time":"00:00:00"},{"Bpm":103,"Rpm":0,"Speed":0.0,"Distance":0.0,"Resistance":50,"Energy":0,"Time":"00:00:00"},{"Bpm":105,"Rpm":0,"Speed":0.0,"Distance":0.0,"Resistance":50,"Energy":0,"Time":"00:00:00"},{"Bpm":109,"Rpm":0,"Speed":0.0,"Distance":0.0,"Resistance":50,"Energy":0,"Time":"00:00:00"},{"Bpm":102,"Rpm":0,"Speed":0.0,"Distance":0.0,"Resistance":50,"Energy":0,"Time":"00:00:00"},{"Bpm":108,"Rpm":0,"Speed":0.0,"Distance":0.0,"Resistance":50,"Energy":0,"Time":"00:00:00"},{"Bpm":104,"Rpm":0,"Speed":0.0,"Distance":0.0,"Resistance":50,"Energy":0,"Time":"00:00:00"},{"Bpm":109,"Rpm":0,"Speed":0.0,"Distance":0.0,"Resistance":50,"Energy":0,"Time":"00:00:00"},{"Bpm":105,"Rpm":0,"Speed":0.0,"Distance":0.0,"Resistance":50,"Energy":0,"Time":"00:00:00"},{"Bpm":101,"Rpm":0,"Speed":0.0,"Distance":0.0,"Resistance":50,"Energy":0,"Time":"00:00:00"},{"Bpm":108,"Rpm":0,"Speed":0.0,"Distance":0.0,"Resistance":50,"Energy":0,"Time":"00:00:00"},{"Bpm":100,"Rpm":0,"Speed":0.0,"Distance":0.0,"Resistance":50,"Energy":0,"Time":"00:00:00"},{"Bpm":105,"Rpm":0,"Speed":0.0,"Distance":0.0,"Resistance":50,"Energy":0,"Time":"00:00:00"},{"Bpm":109,"Rpm":0,"Speed":0.0,"Distance":0.0,"Resistance":50,"Energy":0,"Time":"00:00:00"},{"Bpm":105,"Rpm":0,"Speed":0.0,"Distance":0.0,"Resistance":50,"Energy":0,"Time":"00:00:00"},{"Bpm":102,"Rpm":0,"Speed":0.0,"Distance":0.0,"Resistance":50,"Energy":0,"Time":"00:00:00"},{"Bpm":103,"Rpm":0,"Speed":0.0,"Distance":0.0,"Resistance":50,"Energy":0,"Time":"00:00:00"},{"Bpm":100,"Rpm":0,"Speed":0.0,"Distance":0.0,"Resistance":50,"Energy":0,"Time":"00:00:00"},{"Bpm":101,"Rpm":0,"Speed":0.0,"Distance":0.0,"Resistance":50,"Energy":0,"Time":"00:00:00"},{"Bpm":102,"Rpm":0,"Speed":0.0,"Distance":0.0,"Resistance":50,"Energy":0,"Time":"00:00:00"},{"Bpm":104,"Rpm":0,"Speed":0.0,"Distance":0.0,"Resistance":50,"Energy":0,"Time":"00:00:00"},{"Bpm":100,"Rpm":0,"Speed":0.0,"Distance":0.0,"Resistance":50,"Energy":0,"Time":"00:00:00"},{"Bpm":104,"Rpm":0,"Speed":0.0,"Distance":0.0,"Resistance":50,"Energy":0,"Time":"00:00:00"},{"Bpm":108,"Rpm":0,"Speed":0.0,"Distance":0.0,"Resistance":50,"Energy":0,"Time":"00:00:00"},{"Bpm":105,"Rpm":0,"Speed":0.0,"Distance":0.0,"Resistance":50,"Energy":0,"Time":"00:00:00"},{"Bpm":102,"Rpm":0,"Speed":0.0,"Distance":0.0,"Resistance":50,"Energy":0,"Time":"00:00:00"},{"Bpm":106,"Rpm":0,"Speed":0.0,"Distance":0.0,"Resistance":50,"Energy":0,"Time":"00:00:00"},{"Bpm":104,"Rpm":0,"Speed":0.0,"Distance":0.0,"Resistance":50,"Energy":0,"Time":"00:00:00"},{"Bpm":107,"Rpm":0,"Speed":0.0,"Distance":0.0,"Resistance":50,"Energy":0,"Time":"00:00:00"},{"Bpm":105,"Rpm":0,"Speed":0.0,"Distance":0.0,"Resistance":50,"Energy":0,"Time":"00:00:00"},{"Bpm":107,"Rpm":0,"Speed":0.0,"Distance":0.0,"Resistance":50,"Energy":0,"Time":"00:00:00"},{"Bpm":107,"Rpm":0,"Speed":0.0,"Distance":0.0,"Resistance":50,"Energy":0,"Time":"00:00:00"},{"Bpm":104,"Rpm":0,"Speed":0.0,"Distance":0.0,"Resistance":50,"Energy":0,"Time":"00:00:00"},{"Bpm":106,"Rpm":0,"Speed":0.0,"Distance":0.0,"Resistance":50,"Energy":0,"Time":"00:00:00"},{"Bpm":107,"Rpm":0,"Speed":0.0,"Distance":0.0,"Resistance":50,"Energy":0,"Time":"00:00:00"},{"Bpm":102,"Rpm":0,"Speed":0.0,"Distance":0.0,"Resistance":50,"Energy":0,"Time":"00:00:00"},{"Bpm":107,"Rpm":0,"Speed":0.0,"Distance":0.0,"Resistance":50,"Energy":0,"Time":"00:00:00"},{"Bpm":100,"Rpm":0,"Speed":0.0,"Distance":0.0,"Resistance":50,"Energy":0,"Time":"00:00:00"},{"Bpm":102,"Rpm":0,"Speed":0.0,"Distance":0.0,"Resistance":50,"Energy":0,"Time":"00:00:00"},{"Bpm":107,"Rpm":0,"Speed":0.0,"Distance":0.0,"Resistance":50,"Energy":0,"Time":"00:00:00"},{"Bpm":105,"Rpm":0,"Speed":0.0,"Distance":0.0,"Resistance":50,"Energy":0,"Time":"00:00:00"},{"Bpm":107,"Rpm":0,"Speed":0.0,"Distance":0.0,"Resistance":50,"Energy":0,"Time":"00:00:00"},{"Bpm":100,"Rpm":0,"Speed":0.0,"Distance":0.0,"Resistance":50,"Energy":0,"Time":"00:00:00"},{"Bpm":108,"Rpm":0,"Speed":0.0,"Distance":0.0,"Resistance":50,"Energy":0,"Time":"00:00:00"},{"Bpm":109,"Rpm":0,"Speed":0.0,"Distance":0.0,"Resistance":50,"Energy":0,"Time":"00:00:00"},{"Bpm":108,"Rpm":0,"Speed":0.0,"Distance":0.0,"Resistance":50,"Energy":0,"Time":"00:00:00"},{"Bpm":107,"Rpm":0,"Speed":0.0,"Distance":0.0,"Resistance":50,"Energy":0,"Time":"00:00:00"},{"Bpm":101,"Rpm":0,"Speed":0.0,"Distance":0.0,"Resistance":50,"Energy":0,"Time":"00:00:00"},{"Bpm":105,"Rpm":0,"Speed":0.0,"Distance":0.0,"Resistance":50,"Energy":0,"Time":"00:00:00"},{"Bpm":103,"Rpm":0,"Speed":0.0,"Distance":0.0,"Resistance":50,"Energy":0,"Time":"00:00:00"},{"Bpm":105,"Rpm":0,"Speed":0.0,"Distance":0.0,"Resistance":50,"Energy":0,"Time":"00:00:00"},{"Bpm":103,"Rpm":0,"Speed":0.0,"Distance":0.0,"Resistance":50,"Energy":0,"Time":"00:00:00"},{"Bpm":105,"Rpm":0,"Speed":0.0,"Distance":0.0,"Resistance":50,"Energy":0,"Time":"00:00:00"},{"Bpm":104,"Rpm":0,"Speed":0.0,"Distance":0.0,"Resistance":50,"Energy":0,"Time":"00:00:00"},{"Bpm":107,"Rpm":0,"Speed":0.0,"Distance":0.0,"Resistance":50,"Energy":0,"Time":"00:00:00"},{"Bpm":109,"Rpm":0,"Speed":0.0,"Distance":0.0,"Resistance":50,"Energy":0,"Time":"00:00:00"},{"Bpm":108,"Rpm":0,"Speed":0.0,"Distance":0.0,"Resistance":50,"Energy":0,"Time":"00:00:00"},{"Bpm":106,"Rpm":0,"Speed":0.0,"Distance":0.0,"Resistance":50,"Energy":0,"Time":"00:00:00"},{"Bpm":104,"Rpm":0,"Speed":0.0,"Distance":0.0,"Resistance":50,"Energy":0,"Time":"00:00:00"},{"Bpm":109,"Rpm":0,"Speed":0.0,"Distance":0.0,"Resistance":50,"Energy":0,"Time":"00:00:00"},{"Bpm":101,"Rpm":0,"Speed":0.0,"Distance":0.0,"Resistance":50,"Energy":0,"Time":"00:00:00"},{"Bpm":109,"Rpm":0,"Speed":0.0,"Distance":0.0,"Resistance":50,"Energy":0,"Time":"00:00:00"},{"Bpm":101,"Rpm":0,"Speed":0.0,"Distance":0.0,"Resistance":50,"Energy":0,"Time":"00:00:00"},{"Bpm":109,"Rpm":0,"Speed":0.0,"Distance":0.0,"Resistance":50,"Energy":0,"Time":"00:00:00"},{"Bpm":103,"Rpm":0,"Speed":0.0,"Distance":0.0,"Resistance":50,"Energy":0,"Time":"00:00:00"},{"Bpm":101,"Rpm":0,"Speed":0.0,"Distance":0.0,"Resistance":50,"Energy":0,"Time":"00:00:00"},{"Bpm":105,"Rpm":0,"Speed":0.0,"Distance":0.0,"Resistance":50,"Energy":0,"Time":"00:00:00"},{"Bpm":108,"Rpm":0,"Speed":0.0,"Distance":0.0,"Resistance":50,"Energy":0,"Time":"00:00:00"},{"Bpm":101,"Rpm":0,"Speed":0.0,"Distance":0.0,"Resistance":50,"Energy":0,"Time":"00:00:00"},{"Bpm":102,"Rpm":0,"Speed":0.0,"Distance":0.0,"Resistance":50,"Energy":0,"Time":"00:00:00"},{"Bpm":105,"Rpm":0,"Speed":0.0,"Distance":0.0,"Resistance":50,"Energy":0,"Time":"00:00:00"},{"Bpm":102,"Rpm":0,"Speed":0.0,"Distance":0.0,"Resistance":50,"Energy":0,"Time":"00:00:00"},{"Bpm":108,"Rpm":0,"Speed":0.0,"Distance":0.0,"Resistance":50,"Energy":0,"Time":"00:00:00"},{"Bpm":104,"Rpm":0,"Speed":0.0,"Distance":0.0,"Resistance":50,"Energy":0,"Time":"00:00:00"},{"Bpm":107,"Rpm":0,"Speed":0.0,"Distance":0.0,"Resistance":50,"Energy":0,"Time":"00:00:00"},{"Bpm":107,"Rpm":0,"Speed":0.0,"Distance":0.0,"Resistance":50,"Energy":0,"Time":"00:00:00"},{"Bpm":109,"Rpm":0,"Speed":0.0,"Distance":0.0,"Resistance":50,"Energy":0,"Time":"00:00:00"},{"Bpm":106,"Rpm":0,"Speed":0.0,"Distance":0.0,"Resistance":50,"Energy":0,"Time":"00:00:00"},{"Bpm":108,"Rpm":0,"Speed":0.0,"Distance":0.0,"Resistance":50,"Energy":0,"Time":"00:00:00"},{"Bpm":107,"Rpm":0,"Speed":0.0,"Distance":0.0,"Resistance":50,"Energy":0,"Time":"00:00:00"},{"Bpm":105,"Rpm":0,"Speed":0.0,"Distance":0.0,"Resistance":50,"Energy":0,"Time":"00:00:00"},{"Bpm":104,"Rpm":0,"Speed":0.0,"Distance":0.0,"Resistance":50,"Energy":0,"Time":"00:00:00"},{"Bpm":109,"Rpm":0,"Speed":0.0,"Distance":0.0,"Resistance":50,"Energy":0,"Time":"00:00:00"},{"Bpm":104,"Rpm":0,"Speed":0.0,"Distance":0.0,"Resistance":50,"Energy":0,"Time":"00:00:00"},{"Bpm":100,"Rpm":0,"Speed":0.0,"Distance":0.0,"Resistance":50,"Energy":0,"Time":"00:00:00"},{"Bpm":104,"Rpm":0,"Speed":0.0,"Distance":0.0,"Resistance":50,"Energy":0,"Time":"00:00:00"},{"Bpm":102,"Rpm":0,"Speed":0.0,"Distance":0.0,"Resistance":50,"Energy":0,"Time":"00:00:00"},{"Bpm":100,"Rpm":0,"Speed":0.0,"Distance":0.0,"Resistance":50,"Energy":0,"Time":"00:00:00"},{"Bpm":109,"Rpm":0,"Speed":0.0,"Distance":0.0,"Resistance":50,"Energy":0,"Time":"00:00:00"},{"Bpm":108,"Rpm":0,"Speed":0.0,"Distance":0.0,"Resistance":50,"Energy":0,"Time":"00:00:00"},{"Bpm":103,"Rpm":0,"Speed":0.0,"Distance":0.0,"Resistance":50,"Energy":0,"Time":"00:00:00"},{"Bpm":101,"Rpm":0,"Speed":0.0,"Distance":0.0,"Resistance":50,"Energy":0,"Time":"00:00:00"},{"Bpm":106,"Rpm":0,"Speed":0.0,"Distance":0.0,"Resistance":50,"Energy":0,"Time":"00:00:00"},{"Bpm":102,"Rpm":0,"Speed":0.0,"Distance":0.0,"Resistance":50,"Energy":0,"Time":"00:00:00"},{"Bpm":105,"Rpm":0,"Speed":0.0,"Distance":0.0,"Resistance":50,"Energy":0,"Time":"00:00:00"},{"Bpm":105,"Rpm":0,"Speed":0.0,"Distance":0.0,"Resistance":50,"Energy":0,"Time":"00:00:00"},{"Bpm":105,"Rpm":0,"Speed":0.0,"Distance":0.0,"Resistance":50,"Energy":0,"Time":"00:00:00"},{"Bpm":100,"Rpm":0,"Speed":0.0,"Distance":0.0,"Resistance":50,"Energy":0,"Time":"00:00:00"},{"Bpm":104,"Rpm":0,"Speed":0.0,"Distance":0.0,"Resistance":50,"Energy":0,"Time":"00:00:00"},{"Bpm":108,"Rpm":0,"Speed":0.0,"Distance":0.0,"Resistance":50,"Energy":0,"Time":"00:00:00"},{"Bpm":102,"Rpm":0,"Speed":0.0,"Distance":0.0,"Resistance":50,"Energy":0,"Time":"00:00:00"},{"Bpm":108,"Rpm":0,"Speed":0.0,"Distance":0.0,"Resistance":50,"Energy":0,"Time":"00:00:00"},{"Bpm":100,"Rpm":0,"Speed":0.0,"Distance":0.0,"Resistance":50,"Energy":0,"Time":"00:00:00"},{"Bpm":102,"Rpm":0,"Speed":0.0,"Distance":0.0,"Resistance":50,"Energy":0,"Time":"00:00:00"},{"Bpm":108,"Rpm":0,"Speed":0.0,"Distance":0.0,"Resistance":50,"Energy":0,"Time":"00:00:00"},{"Bpm":102,"Rpm":0,"Speed":0.0,"Distance":0.0,"Resistance":50,"Energy":0,"Time":"00:00:00"},{"Bpm":105,"Rpm":0,"Speed":0.0,"Distance":0.0,"Resistance":50,"Energy":0,"Time":"00:00:00"},{"Bpm":101,"Rpm":0,"Speed":0.0,"Distance":0.0,"Resistance":50,"Energy":0,"Time":"00:00:00"},{"Bpm":107,"Rpm":0,"Speed":0.0,"Distance":0.0,"Resistance":50,"Energy":0,"Time":"00:00:00"},{"Bpm":100,"Rpm":0,"Speed":0.0,"Distance":0.0,"Resistance":50,"Energy":0,"Time":"00:00:00"},{"Bpm":109,"Rpm":0,"Speed":0.0,"Distance":0.0,"Resistance":50,"Energy":0,"Time":"00:00:00"},{"Bpm":101,"Rpm":0,"Speed":0.0,"Distance":0.0,"Resistance":50,"Energy":0,"Time":"00:00:00"},{"Bpm":107,"Rpm":0,"Speed":0.0,"Distance":0.0,"Resistance":50,"Energy":0,"Time":"00:00:00"},{"Bpm":107,"Rpm":0,"Speed":0.0,"Distance":0.0,"Resistance":50,"Energy":0,"Time":"00:00:00"},{"Bpm":104,"Rpm":0,"Speed":0.0,"Distance":0.0,"Resistance":50,"Energy":0,"Time":"00:00:00"},{"Bpm":106,"Rpm":0,"Speed":0.0,"Distance":0.0,"Resistance":50,"Energy":0,"Time":"00:00:00"},{"Bpm":100,"Rpm":0,"Speed":0.0,"Distance":0.0,"Resistance":50,"Energy":0,"Time":"00:00:00"},{"Bpm":107,"Rpm":0,"Speed":0.0,"Distance":0.0,"Resistance":50,"Energy":0,"Time":"00:00:00"},{"Bpm":109,"Rpm":0,"Speed":0.0,"Distance":0.0,"Resistance":50,"Energy":0,"Time":"00:00:00"},{"Bpm":109,"Rpm":0,"Speed":0.0,"Distance":0.0,"Resistance":50,"Energy":0,"Time":"00:00:00"},{"Bpm":108,"Rpm":0,"Speed":0.0,"Distance":0.0,"Resistance":50,"Energy":0,"Time":"00:00:00"},{"Bpm":105,"Rpm":0,"Speed":0.0,"Distance":0.0,"Resistance":50,"Energy":0,"Time":"00:00:00"},{"Bpm":109,"Rpm":0,"Speed":0.0,"Distance":0.0,"Resistance":50,"Energy":0,"Time":"00:00:00"},{"Bpm":103,"Rpm":0,"Speed":0.0,"Distance":0.0,"Resistance":50,"Energy":0,"Time":"00:00:00"},{"Bpm":109,"Rpm":0,"Speed":0.0,"Distance":0.0,"Resistance":50,"Energy":0,"Time":"00:00:00"},{"Bpm":104,"Rpm":0,"Speed":0.0,"Distance":0.0,"Resistance":50,"Energy":0,"Time":"00:00:00"},{"Bpm":106,"Rpm":0,"Speed":0.0,"Distance":0.0,"Resistance":50,"Energy":0,"Time":"00:00:00"},{"Bpm":105,"Rpm":0,"Speed":0.0,"Distance":0.0,"Resistance":50,"Energy":0,"Time":"00:00:00"},{"Bpm":108,"Rpm":0,"Speed":0.0,"Distance":0.0,"Resistance":50,"Energy":0,"Time":"00:00:00"},{"Bpm":101,"Rpm":0,"Speed":0.0,"Distance":0.0,"Resistance":50,"Energy":0,"Time":"00:00:00"},{"Bpm":101,"Rpm":0,"Speed":0.0,"Distance":0.0,"Resistance":50,"Energy":0,"Time":"00:00:00"},{"Bpm":108,"Rpm":0,"Speed":0.0,"Distance":0.0,"Resistance":50,"Energy":0,"Time":"00:00:00"},{"Bpm":102,"Rpm":0,"Speed":0.0,"Distance":0.0,"Resistance":50,"Energy":0,"Time":"00:00:00"},{"Bpm":109,"Rpm":0,"Speed":0.0,"Distance":0.0,"Resistance":50,"Energy":0,"Time":"00:00:00"},{"Bpm":105,"Rpm":0,"Speed":0.0,"Distance":0.0,"Resistance":50,"Energy":0,"Time":"00:00:00"},{"Bpm":106,"Rpm":0,"Speed":0.0,"Distance":0.0,"Resistance":50,"Energy":0,"Time":"00:00:00"},{"Bpm":104,"Rpm":0,"Speed":0.0,"Distance":0.0,"Resistance":50,"Energy":0,"Time":"00:00:00"},{"Bpm":107,"Rpm":0,"Speed":0.0,"Distance":0.0,"Resistance":50,"Energy":0,"Time":"00:00:00"},{"Bpm":105,"Rpm":0,"Speed":0.0,"Distance":0.0,"Resistance":50,"Energy":0,"Time":"00:00:00"},{"Bpm":107,"Rpm":0,"Speed":0.0,"Distance":0.0,"Resistance":50,"Energy":0,"Time":"00:00:00"},{"Bpm":108,"Rpm":0,"Speed":0.0,"Distance":0.0,"Resistance":50,"Energy":0,"Time":"00:00:00"},{"Bpm":101,"Rpm":0,"Speed":0.0,"Distance":0.0,"Resistance":50,"Energy":0,"Time":"00:00:00"},{"Bpm":102,"Rpm":0,"Speed":0.0,"Distance":0.0,"Resistance":50,"Energy":0,"Time":"00:00:00"},{"Bpm":108,"Rpm":0,"Speed":0.0,"Distance":0.0,"Resistance":50,"Energy":0,"Time":"00:00:00"},{"Bpm":109,"Rpm":0,"Speed":0.0,"Distance":0.0,"Resistance":50,"Energy":0,"Time":"00:00:00"},{"Bpm":101,"Rpm":0,"Speed":0.0,"Distance":0.0,"Resistance":50,"Energy":0,"Time":"00:00:00"},{"Bpm":103,"Rpm":0,"Speed":0.0,"Distance":0.0,"Resistance":50,"Energy":0,"Time":"00:00:00"},{"Bpm":108,"Rpm":0,"Speed":0.0,"Distance":0.0,"Resistance":50,"Energy":0,"Time":"00:00:00"},{"Bpm":107,"Rpm":0,"Speed":0.0,"Distance":0.0,"Resistance":50,"Energy":0,"Time":"00:00:00"},{"Bpm":109,"Rpm":0,"Speed":0.0,"Distance":0.0,"Resistance":50,"Energy":0,"Time":"00:00:00"},{"Bpm":105,"Rpm":0,"Speed":0.0,"Distance":0.0,"Resistance":50,"Energy":0,"Time":"00:00:00"},{"Bpm":107,"Rpm":0,"Speed":0.0,"Distance":0.0,"Resistance":50,"Energy":0,"Time":"00:00:00"},{"Bpm":101,"Rpm":0,"Speed":0.0,"Distance":0.0,"Resistance":50,"Energy":0,"Time":"00:00:00"},{"Bpm":104,"Rpm":0,"Speed":0.0,"Distance":0.0,"Resistance":50,"Energy":0,"Time":"00:00:00"},{"Bpm":100,"Rpm":0,"Speed":0.0,"Distance":0.0,"Resistance":50,"Energy":0,"Time":"00:00:00"},{"Bpm":106,"Rpm":0,"Speed":0.0,"Distance":0.0,"Resistance":50,"Energy":0,"Time":"00:00:00"},{"Bpm":109,"Rpm":0,"Speed":0.0,"Distance":0.0,"Resistance":50,"Energy":0,"Time":"00:00:00"},{"Bpm":106,"Rpm":0,"Speed":0.0,"Distance":0.0,"Resistance":50,"Energy":0,"Time":"00:00:00"},{"Bpm":103,"Rpm":0,"Speed":0.0,"Distance":0.0,"Resistance":50,"Energy":0,"Time":"00:00:00"},{"Bpm":104,"Rpm":0,"Speed":0.0,"Distance":0.0,"Resistance":50,"Energy":0,"Time":"00:00:00"},{"Bpm":105,"Rpm":0,"Speed":0.0,"Distance":0.0,"Resistance":50,"Energy":0,"Time":"00:00:00"},{"Bpm":109,"Rpm":0,"Speed":0.0,"Distance":0.0,"Resistance":50,"Energy":0,"Time":"00:00:00"},{"Bpm":103,"Rpm":0,"Speed":0.0,"Distance":0.0,"Resistance":50,"Energy":0,"Time":"00:00:00"},{"Bpm":106,"Rpm":0,"Speed":0.0,"Distance":0.0,"Resistance":50,"Energy":0,"Time":"00:00:00"},{"Bpm":108,"Rpm":0,"Speed":0.0,"Distance":0.0,"Resistance":50,"Energy":0,"Time":"00:00:00"},{"Bpm":100,"Rpm":0,"Speed":0.0,"Distance":0.0,"Resistance":50,"Energy":0,"Time":"00:00:00"},{"Bpm":109,"Rpm":0,"Speed":0.0,"Distance":0.0,"Resistance":50,"Energy":0,"Time":"00:00:00"},{"Bpm":107,"Rpm":0,"Speed":0.0,"Distance":0.0,"Resistance":50,"Energy":0,"Time":"00:00:00"},{"Bpm":102,"Rpm":0,"Speed":0.0,"Distance":0.0,"Resistance":50,"Energy":0,"Time":"00:00:00"},{"Bpm":108,"Rpm":0,"Speed":0.0,"Distance":0.0,"Resistance":50,"Energy":0,"Time":"00:00:00"},{"Bpm":102,"Rpm":0,"Speed":0.0,"Distance":0.0,"Resistance":50,"Energy":0,"Time":"00:00:00"},{"Bpm":103,"Rpm":0,"Speed":0.0,"Distance":0.0,"Resistance":50,"Energy":0,"Time":"00:00:00"},{"Bpm":102,"Rpm":0,"Speed":0.0,"Distance":0.0,"Resistance":50,"Energy":0,"Time":"00:00:00"},{"Bpm":101,"Rpm":0,"Speed":0.0,"Distance":0.0,"Resistance":50,"Energy":0,"Time":"00:00:00"},{"Bpm":101,"Rpm":0,"Speed":0.0,"Distance":0.0,"Resistance":50,"Energy":0,"Time":"00:00:00"},{"Bpm":107,"Rpm":0,"Speed":0.0,"Distance":0.0,"Resistance":50,"Energy":0,"Time":"00:00:00"},{"Bpm":102,"Rpm":0,"Speed":0.0,"Distance":0.0,"Resistance":50,"Energy":0,"Time":"00:00:00"},{"Bpm":100,"Rpm":0,"Speed":0.0,"Distance":0.0,"Resistance":50,"Energy":0,"Time":"00:00:00"},{"Bpm":104,"Rpm":0,"Speed":0.0,"Distance":0.0,"Resistance":50,"Energy":0,"Time":"00:00:00"},{"Bpm":107,"Rpm":0,"Speed":0.0,"Distance":0.0,"Resistance":50,"Energy":0,"Time":"00:00:00"},{"Bpm":100,"Rpm":0,"Speed":0.0,"Distance":0.0,"Resistance":50,"Energy":0,"Time":"00:00:00"},{"Bpm":107,"Rpm":0,"Speed":0.0,"Distance":0.0,"Resistance":50,"Energy":0,"Time":"00:00:00"},{"Bpm":108,"Rpm":0,"Speed":0.0,"Distance":0.0,"Resistance":50,"Energy":0,"Time":"00:00:00"},{"Bpm":109,"Rpm":0,"Speed":0.0,"Distance":0.0,"Resistance":50,"Energy":0,"Time":"00:00:00"},{"Bpm":105,"Rpm":0,"Speed":0.0,"Distance":0.0,"Resistance":50,"Energy":0,"Time":"00:00:00"},{"Bpm":104,"Rpm":0,"Speed":0.0,"Distance":0.0,"Resistance":50,"Energy":0,"Time":"00:00:00"},{"Bpm":107,"Rpm":0,"Speed":0.0,"Distance":0.0,"Resistance":50,"Energy":0,"Time":"00:00:00"},{"Bpm":107,"Rpm":0,"Speed":0.0,"Distance":0.0,"Resistance":50,"Energy":0,"Time":"00:00:00"},{"Bpm":109,"Rpm":0,"Speed":0.0,"Distance":0.0,"Resistance":50,"Energy":0,"Time":"00:00:00"},{"Bpm":108,"Rpm":0,"Speed":0.0,"Distance":0.0,"Resistance":50,"Energy":0,"Time":"00:00:00"},{"Bpm":106,"Rpm":0,"Speed":0.0,"Distance":0.0,"Resistance":50,"Energy":0,"Time":"00:00:00"},{"Bpm":107,"Rpm":0,"Speed":0.0,"Distance":0.0,"Resistance":50,"Energy":0,"Time":"00:00:00"},{"Bpm":104,"Rpm":0,"Speed":0.0,"Distance":0.0,"Resistance":50,"Energy":0,"Time":"00:00:00"},{"Bpm":100,"Rpm":0,"Speed":0.0,"Distance":0.0,"Resistance":50,"Energy":0,"Time":"00:00:00"},{"Bpm":101,"Rpm":0,"Speed":0.0,"Distance":0.0,"Resistance":50,"Energy":0,"Time":"00:00:00"},{"Bpm":108,"Rpm":0,"Speed":0.0,"Distance":0.0,"Resistance":50,"Energy":0,"Time":"00:00:00"},{"Bpm":108,"Rpm":0,"Speed":0.0,"Distance":0.0,"Resistance":50,"Energy":0,"Time":"00:00:00"},{"Bpm":106,"Rpm":0,"Speed":0.0,"Distance":0.0,"Resistance":50,"Energy":0,"Time":"00:00:00"},{"Bpm":109,"Rpm":0,"Speed":0.0,"Distance":0.0,"Resistance":50,"Energy":0,"Time":"00:00:00"},{"Bpm":108,"Rpm":0,"Speed":0.0,"Distance":0.0,"Resistance":50,"Energy":0,"Time":"00:00:00"},{"Bpm":102,"Rpm":0,"Speed":0.0,"Distance":0.0,"Resistance":50,"Energy":0,"Time":"00:00:00"},{"Bpm":105,"Rpm":0,"Speed":0.0,"Distance":0.0,"Resistance":50,"Energy":0,"Time":"00:00:00"},{"Bpm":106,"Rpm":0,"Speed":0.0,"Distance":0.0,"Resistance":50,"Energy":0,"Time":"00:00:00"},{"Bpm":108,"Rpm":0,"Speed":0.0,"Distance":0.0,"Resistance":50,"Energy":0,"Time":"00:00:00"},{"Bpm":106,"Rpm":0,"Speed":0.0,"Distance":0.0,"Resistance":50,"Energy":0,"Time":"00:00:00"},{"Bpm":102,"Rpm":0,"Speed":0.0,"Distance":0.0,"Resistance":50,"Energy":0,"Time":"00:00:00"},{"Bpm":105,"Rpm":0,"Speed":0.0,"Distance":0.0,"Resistance":50,"Energy":0,"Time":"00:00:00"},{"Bpm":109,"Rpm":0,"Speed":0.0,"Distance":0.0,"Resistance":50,"Energy":0,"Time":"00:00:00"},{"Bpm":103,"Rpm":0,"Speed":0.0,"Distance":0.0,"Resistance":50,"Energy":0,"Time":"00:00:00"},{"Bpm":103,"Rpm":0,"Speed":0.0,"Distance":0.0,"Resistance":50,"Energy":0,"Time":"00:00:00"},{"Bpm":103,"Rpm":0,"Speed":0.0,"Distance":0.0,"Resistance":50,"Energy":0,"Time":"00:00:00"},{"Bpm":109,"Rpm":0,"Speed":0.0,"Distance":0.0,"Resistance":50,"Energy":0,"Time":"00:00:00"},{"Bpm":102,"Rpm":0,"Speed":0.0,"Distance":0.0,"Resistance":50,"Energy":0,"Time":"00:00:00"},{"Bpm":105,"Rpm":0,"Speed":0.0,"Distance":0.0,"Resistance":50,"Energy":0,"Time":"00:00:00"},{"Bpm":103,"Rpm":0,"Speed":0.0,"Distance":0.0,"Resistance":50,"Energy":0,"Time":"00:00:00"},{"Bpm":108,"Rpm":0,"Speed":0.0,"Distance":0.0,"Resistance":50,"Energy":0,"Time":"00:00:00"},{"Bpm":100,"Rpm":0,"Speed":0.0,"Distance":0.0,"Resistance":50,"Energy":0,"Time":"00:00:00"},{"Bpm":103,"Rpm":0,"Speed":0.0,"Distance":0.0,"Resistance":50,"Energy":0,"Time":"00:00:00"},{"Bpm":100,"Rpm":0,"Speed":0.0,"Distance":0.0,"Resistance":50,"Energy":0,"Time":"00:00:00"},{"Bpm":104,"Rpm":0,"Speed":0.0,"Distance":0.0,"Resistance":50,"Energy":0,"Time":"00:00:00"},{"Bpm":103,"Rpm":0,"Speed":0.0,"Distance":0.0,"Resistance":50,"Energy":0,"Time":"00:00:00"},{"Bpm":101,"Rpm":0,"Speed":0.0,"Distance":0.0,"Resistance":50,"Energy":0,"Time":"00:00:00"},{"Bpm":108,"Rpm":0,"Speed":0.0,"Distance":0.0,"Resistance":50,"Energy":0,"Time":"00:00:00"},{"Bpm":103,"Rpm":0,"Speed":0.0,"Distance":0.0,"Resistance":50,"Energy":0,"Time":"00:00:00"},{"Bpm":102,"Rpm":0,"Speed":0.0,"Distance":0.0,"Resistance":50,"Energy":0,"Time":"00:00:00"},{"Bpm":104,"Rpm":0,"Speed":0.0,"Distance":0.0,"Resistance":50,"Energy":0,"Time":"00:00:00"},{"Bpm":109,"Rpm":0,"Speed":0.0,"Distance":0.0,"Resistance":50,"Energy":0,"Time":"00:00:00"},{"Bpm":101,"Rpm":0,"Speed":0.0,"Distance":0.0,"Resistance":50,"Energy":0,"Time":"00:00:00"},{"Bpm":109,"Rpm":0,"Speed":0.0,"Distance":0.0,"Resistance":50,"Energy":0,"Time":"00:00:00"},{"Bpm":102,"Rpm":0,"Speed":0.0,"Distance":0.0,"Resistance":50,"Energy":0,"Time":"00:00:00"},{"Bpm":109,"Rpm":0,"Speed":0.0,"Distance":0.0,"Resistance":50,"Energy":0,"Time":"00:00:00"},{"Bpm":106,"Rpm":0,"Speed":0.0,"Distance":0.0,"Resistance":50,"Energy":0,"Time":"00:00:00"},{"Bpm":101,"Rpm":0,"Speed":0.0,"Distance":0.0,"Resistance":50,"Energy":0,"Time":"00:00:00"},{"Bpm":105,"Rpm":0,"Speed":0.0,"Distance":0.0,"Resistance":50,"Energy":0,"Time":"00:00:00"},{"Bpm":105,"Rpm":0,"Speed":0.0,"Distance":0.0,"Resistance":50,"Energy":0,"Time":"00:00:00"},{"Bpm":105,"Rpm":0,"Speed":0.0,"Distance":0.0,"Resistance":50,"Energy":0,"Time":"00:00:00"},{"Bpm":100,"Rpm":0,"Speed":0.0,"Distance":0.0,"Resistance":50,"Energy":0,"Time":"00:00:00"},{"Bpm":100,"Rpm":0,"Speed":0.0,"Distance":0.0,"Resistance":50,"Energy":0,"Time":"00:00:00"},{"Bpm":102,"Rpm":0,"Speed":0.0,"Distance":0.0,"Resistance":50,"Energy":0,"Time":"00:00:00"},{"Bpm":103,"Rpm":0,"Speed":0.0,"Distance":0.0,"Resistance":50,"Energy":0,"Time":"00:00:00"},{"Bpm":108,"Rpm":0,"Speed":0.0,"Distance":0.0,"Resistance":50,"Energy":0,"Time":"00:00:00"},{"Bpm":107,"Rpm":0,"Speed":0.0,"Distance":0.0,"Resistance":50,"Energy":0,"Time":"00:00:00"},{"Bpm":104,"Rpm":0,"Speed":0.0,"Distance":0.0,"Resistance":50,"Energy":0,"Time":"00:00:00"},{"Bpm":106,"Rpm":0,"Speed":0.0,"Distance":0.0,"Resistance":50,"Energy":0,"Time":"00:00:00"},{"Bpm":105,"Rpm":0,"Speed":0.0,"Distance":0.0,"Resistance":50,"Energy":0,"Time":"00:00:00"},{"Bpm":107,"Rpm":0,"Speed":0.0,"Distance":0.0,"Resistance":50,"Energy":0,"Time":"00:00:00"},{"Bpm":105,"Rpm":0,"Speed":0.0,"Distance":0.0,"Resistance":50,"Energy":0,"Time":"00:00:00"},{"Bpm":108,"Rpm":0,"Speed":0.0,"Distance":0.0,"Resistance":50,"Energy":0,"Time":"00:00:00"},{"Bpm":107,"Rpm":0,"Speed":0.0,"Distance":0.0,"Resistance":50,"Energy":0,"Time":"00:00:00"},{"Bpm":103,"Rpm":0,"Speed":0.0,"Distance":0.0,"Resistance":50,"Energy":0,"Time":"00:00:00"},{"Bpm":108,"Rpm":0,"Speed":0.0,"Distance":0.0,"Resistance":50,"Energy":0,"Time":"00:00:00"},{"Bpm":104,"Rpm":0,"Speed":0.0,"Distance":0.0,"Resistance":50,"Energy":0,"Time":"00:00:00"},{"Bpm":105,"Rpm":0,"Speed":0.0,"Distance":0.0,"Resistance":50,"Energy":0,"Time":"00:00:00"},{"Bpm":104,"Rpm":0,"Speed":0.0,"Distance":0.0,"Resistance":50,"Energy":0,"Time":"00:00:00"},{"Bpm":105,"Rpm":0,"Speed":0.0,"Distance":0.0,"Resistance":50,"Energy":0,"Time":"00:00:00"},{"Bpm":100,"Rpm":0,"Speed":0.0,"Distance":0.0,"Resistance":50,"Energy":0,"Time":"00:00:00"},{"Bpm":107,"Rpm":0,"Speed":0.0,"Distance":0.0,"Resistance":50,"Energy":0,"Time":"00:00:00"},{"Bpm":103,"Rpm":0,"Speed":0.0,"Distance":0.0,"Resistance":50,"Energy":0,"Time":"00:00:00"},{"Bpm":106,"Rpm":0,"Speed":0.0,"Distance":0.0,"Resistance":50,"Energy":0,"Time":"00:00:00"},{"Bpm":102,"Rpm":0,"Speed":0.0,"Distance":0.0,"Resistance":50,"Energy":0,"Time":"00:00:00"},{"Bpm":103,"Rpm":0,"Speed":0.0,"Distance":0.0,"Resistance":50,"Energy":0,"Time":"00:00:00"},{"Bpm":103,"Rpm":0,"Speed":0.0,"Distance":0.0,"Resistance":50,"Energy":0,"Time":"00:00:00"},{"Bpm":109,"Rpm":0,"Speed":0.0,"Distance":0.0,"Resistance":50,"Energy":0,"Time":"00:00:00"},{"Bpm":100,"Rpm":0,"Speed":0.0,"Distance":0.0,"Resistance":50,"Energy":0,"Time":"00:00:00"},{"Bpm":104,"Rpm":0,"Speed":0.0,"Distance":0.0,"Resistance":50,"Energy":0,"Time":"00:00:00"},{"Bpm":106,"Rpm":0,"Speed":0.0,"Distance":0.0,"Resistance":50,"Energy":0,"Time":"00:00:00"},{"Bpm":107,"Rpm":0,"Speed":0.0,"Distance":0.0,"Resistance":50,"Energy":0,"Time":"00:00:00"},{"Bpm":107,"Rpm":0,"Speed":0.0,"Distance":0.0,"Resistance":50,"Energy":0,"Time":"00:00:00"},{"Bpm":100,"Rpm":0,"Speed":0.0,"Distance":0.0,"Resistance":50,"Energy":0,"Time":"00:00:00"},{"Bpm":108,"Rpm":0,"Speed":0.0,"Distance":0.0,"Resistance":50,"Energy":0,"Time":"00:00:00"},{"Bpm":107,"Rpm":0,"Speed":0.0,"Distance":0.0,"Resistance":50,"Energy":0,"Time":"00:00:00"},{"Bpm":100,"Rpm":0,"Speed":0.0,"Distance":0.0,"Resistance":50,"Energy":0,"Time":"00:00:00"},{"Bpm":101,"Rpm":0,"Speed":0.0,"Distance":0.0,"Resistance":50,"Energy":0,"Time":"00:00:00"},{"Bpm":107,"Rpm":0,"Speed":0.0,"Distance":0.0,"Resistance":50,"Energy":0,"Time":"00:00:00"},{"Bpm":105,"Rpm":0,"Speed":0.0,"Distance":0.0,"Resistance":50,"Energy":0,"Time":"00:00:00"},{"Bpm":105,"Rpm":0,"Speed":0.0,"Distance":0.0,"Resistance":50,"Energy":0,"Time":"00:00:00"},{"Bpm":106,"Rpm":0,"Speed":0.0,"Distance":0.0,"Resistance":50,"Energy":0,"Time":"00:00:00"},{"Bpm":101,"Rpm":0,"Speed":0.0,"Distance":0.0,"Resistance":50,"Energy":0,"Time":"00:00:00"},{"Bpm":107,"Rpm":0,"Speed":0.0,"Distance":0.0,"Resistance":50,"Energy":0,"Time":"00:00:00"},{"Bpm":104,"Rpm":0,"Speed":0.0,"Distance":0.0,"Resistance":50,"Energy":0,"Time":"00:00:00"},{"Bpm":108,"Rpm":0,"Speed":0.0,"Distance":0.0,"Resistance":50,"Energy":0,"Time":"00:00:00"},{"Bpm":100,"Rpm":0,"Speed":0.0,"Distance":0.0,"Resistance":50,"Energy":0,"Time":"00:00:00"},{"Bpm":104,"Rpm":0,"Speed":0.0,"Distance":0.0,"Resistance":50,"Energy":0,"Time":"00:00:00"},{"Bpm":106,"Rpm":0,"Speed":0.0,"Distance":0.0,"Resistance":50,"Energy":0,"Time":"00:00:00"},{"Bpm":104,"Rpm":0,"Speed":0.0,"Distance":0.0,"Resistance":50,"Energy":0,"Time":"00:00:00"},{"Bpm":104,"Rpm":0,"Speed":0.0,"Distance":0.0,"Resistance":50,"Energy":0,"Time":"00:00:00"},{"Bpm":100,"Rpm":0,"Speed":0.0,"Distance":0.0,"Resistance":50,"Energy":0,"Time":"00:00:00"},{"Bpm":106,"Rpm":0,"Speed":0.0,"Distance":0.0,"Resistance":50,"Energy":0,"Time":"00:00:00"},{"Bpm":100,"Rpm":0,"Speed":0.0,"Distance":0.0,"Resistance":50,"Energy":0,"Time":"00:00:00"},{"Bpm":104,"Rpm":0,"Speed":0.0,"Distance":0.0,"Resistance":50,"Energy":0,"Time":"00:00:00"},{"Bpm":108,"Rpm":0,"Speed":0.0,"Distance":0.0,"Resistance":50,"Energy":0,"Time":"00:00:00"},{"Bpm":107,"Rpm":0,"Speed":0.0,"Distance":0.0,"Resistance":50,"Energy":0,"Time":"00:00:00"},{"Bpm":103,"Rpm":0,"Speed":0.0,"Distance":0.0,"Resistance":50,"Energy":0,"Time":"00:00:00"},{"Bpm":109,"Rpm":0,"Speed":0.0,"Distance":0.0,"Resistance":50,"Energy":0,"Time":"00:00:00"},{"Bpm":100,"Rpm":0,"Speed":0.0,"Distance":0.0,"Resistance":50,"Energy":0,"Time":"00:00:00"},{"Bpm":104,"Rpm":0,"Speed":0.0,"Distance":0.0,"Resistance":50,"Energy":0,"Time":"00:00:00"},{"Bpm":107,"Rpm":0,"Speed":0.0,"Distance":0.0,"Resistance":50,"Energy":0,"Time":"00:00:00"},{"Bpm":103,"Rpm":0,"Speed":0.0,"Distance":0.0,"Resistance":50,"Energy":0,"Time":"00:00:00"},{"Bpm":102,"Rpm":0,"Speed":0.0,"Distance":0.0,"Resistance":50,"Energy":0,"Time":"00:00:00"},{"Bpm":108,"Rpm":0,"Speed":0.0,"Distance":0.0,"Resistance":50,"Energy":0,"Time":"00:00:00"},{"Bpm":109,"Rpm":0,"Speed":0.0,"Distance":0.0,"Resistance":50,"Energy":0,"Time":"00:00:00"},{"Bpm":108,"Rpm":0,"Speed":0.0,"Distance":0.0,"Resistance":50,"Energy":0,"Time":"00:00:00"},{"Bpm":108,"Rpm":0,"Speed":0.0,"Distance":0.0,"Resistance":50,"Energy":0,"Time":"00:00:00"},{"Bpm":108,"Rpm":0,"Speed":0.0,"Distance":0.0,"Resistance":50,"Energy":0,"Time":"00:00:00"},{"Bpm":106,"Rpm":0,"Speed":0.0,"Distance":0.0,"Resistance":50,"Energy":0,"Time":"00:00:00"},{"Bpm":107,"Rpm":0,"Speed":0.0,"Distance":0.0,"Resistance":50,"Energy":0,"Time":"00:00:00"},{"Bpm":102,"Rpm":0,"Speed":0.0,"Distance":0.0,"Resistance":50,"Energy":0,"Time":"00:00:00"},{"Bpm":108,"Rpm":0,"Speed":0.0,"Distance":0.0,"Resistance":50,"Energy":0,"Time":"00:00:00"},{"Bpm":108,"Rpm":0,"Speed":0.0,"Distance":0.0,"Resistance":50,"Energy":0,"Time":"00:00:00"},{"Bpm":109,"Rpm":0,"Speed":0.0,"Distance":0.0,"Resistance":50,"Energy":0,"Time":"00:00:00"},{"Bpm":103,"Rpm":0,"Speed":0.0,"Distance":0.0,"Resistance":50,"Energy":0,"Time":"00:00:00"},{"Bpm":105,"Rpm":0,"Speed":0.0,"Distance":0.0,"Resistance":50,"Energy":0,"Time":"00:00:00"},{"Bpm":105,"Rpm":0,"Speed":0.0,"Distance":0.0,"Resistance":50,"Energy":0,"Time":"00:00:00"},{"Bpm":101,"Rpm":0,"Speed":0.0,"Distance":0.0,"Resistance":50,"Energy":0,"Time":"00:00:00"},{"Bpm":103,"Rpm":0,"Speed":0.0,"Distance":0.0,"Resistance":50,"Energy":0,"Time":"00:00:00"}]
